{"cameraMode":{"drawMode":0,"name":"Shaded","section":"Shading Mode"},"sceneLighting":true,"audioPlay":false,"sceneViewState":{"showFog":true,"showMaterialUpdate":false,"showSkybox":true,"showFlares":true,"showImageEffects":true,"showParticleSystems":true},"in2DMode":false,"pivot":{"x":439.226806640625,"y":208.74777221679688,"z":31.544830322265626},"rotation":{"x":0.016781466081738473,"y":-0.056966383010149,"z":0.0009576958836987615,"w":0.9982346296310425},"size":454.59234619140627,"orthographic":false}